{"inputUnits":[34],"outputUnits":3,"inputs":{"0":{"dtype":"number","min":335.45480947513096,"max":385.58595594142145},"1":{"dtype":"number","min":241.11049719024123,"max":254.2701206616258},"2":{"dtype":"number","min":341.0877261989065,"max":390.5760314822429},"3":{"dtype":"number","min":235.5851953815066,"max":249.11309612192372},"4":{"dtype":"number","min":333.1504652235243,"max":382.08537973623294},"5":{"dtype":"number","min":235.9053652281882,"max":248.98339522512333},"6":{"dtype":"number","min":351.5940122251157,"max":398.09207380863654},"7":{"dtype":"number","min":240.4954033567194,"max":251.87173527351365},"8":{"dtype":"number","min":330.48645376461985,"max":377.6819564492149},"9":{"dtype":"number","min":238.30874549018012,"max":250.46849717406036},"10":{"dtype":"number","min":361.9191701788651,"max":403.431772153977},"11":{"dtype":"number","min":263.19386621664836,"max":277.78904504013803},"12":{"dtype":"number","min":322.651153029057,"max":370.7544326038621},"13":{"dtype":"number","min":253.5492217006274,"max":277.01226470530844},"14":{"dtype":"number","min":379.750687448602,"max":454.4295628121954},"15":{"dtype":"number","min":271.6540848581414,"max":318.4038859733596},"16":{"dtype":"number","min":278.1017130950273,"max":353.4854786298428},"17":{"dtype":"number","min":230.60852824131183,"max":313.41783787539595},"18":{"dtype":"number","min":366.37279488189876,"max":474.51229697779604},"19":{"dtype":"number","min":247.64174790410266,"max":343.42599701463126},"20":{"dtype":"number","min":253.36594133581565,"max":360.43380960386395},"21":{"dtype":"number","min":205.4835245530275,"max":339.56795500965376},"22":{"dtype":"number","min":354.224224722641,"max":395.48989071018747},"23":{"dtype":"number","min":337.3980281599316,"max":361.35617975603066},"24":{"dtype":"number","min":325.3995809871086,"max":369.6682447764376},"25":{"dtype":"number","min":334.84111644603587,"max":359.30983247812725},"26":{"dtype":"number","min":352.87502117789046,"max":397.9453746059484},"27":{"dtype":"number","min":388.4491371318378,"max":423.73862729435075},"28":{"dtype":"number","min":322.27123059724505,"max":387.0776837146305},"29":{"dtype":"number","min":385.9764411435489,"max":420.79745346574987},"30":{"dtype":"number","min":342.73013763725174,"max":401.99972736440435},"31":{"dtype":"number","min":437.041770087348,"max":479.70878229271364},"32":{"dtype":"number","min":322.007026895445,"max":388.734844125967},"33":{"dtype":"number","min":435.49724199618504,"max":475.5616031520316}},"outputs":{"0":{"dtype":"string","min":0,"max":1,"uniqueValues":["z","x","c"],"legend":{"z":[1,0,0],"x":[0,1,0],"c":[0,0,1]}}},"isNormalized":true}